{"avg_compactness": 0.4375, "max_compactness": 0.4375, "count_with_sol": 27, "avg_fitness": 0.43944444444444464, "max_ftitness": 0.6124999999999999, "min_steps": 2, "max_steps": 9, "avg_steps": 6}