{"avg_compactness": 0.4375, "max_compactness": 0.4375, "count_with_sol": 20, "avg_fitness": 0.16527777777777777, "max_ftitness": 0.20416666666666666, "min_steps": 2, "max_steps": 2, "avg_steps": 2}