{"avg_compactness": 0.3599999999999996, "max_compactness": 0.3599999999999999, "count_with_sol": 26, "avg_fitness": 0.41033333333333355, "max_ftitness": 0.5386666666666666, "min_steps": 4, "max_steps": 8, "avg_steps": 6}