{"avg_compactness": 0.3599999999999996, "max_compactness": 0.3599999999999999, "count_with_sol": 25, "avg_fitness": 0.2664444444444445, "max_ftitness": 0.352, "min_steps": 4, "max_steps": 6, "avg_steps": 5}