{"avg_compactness": 0.4375, "max_compactness": 0.4375, "count_with_sol": 27, "avg_fitness": 0.42388888888888904, "max_ftitness": 0.49583333333333335, "min_steps": 3, "max_steps": 7, "avg_steps": 6}