{"avg_compactness": 0.3599999999999996, "max_compactness": 0.3599999999999999, "count_with_sol": 23, "avg_fitness": 0.14355555555555552, "max_ftitness": 0.1653333333333333, "min_steps": 2, "max_steps": 2, "avg_steps": 2}