{"avg_compactness": 0.4375, "max_compactness": 0.4375, "count_with_sol": 29, "avg_fitness": 0.40833333333333344, "max_ftitness": 0.49583333333333335, "min_steps": 2, "max_steps": 7, "avg_steps": 5}