{"avg_compactness": 0.3599999999999996, "max_compactness": 0.3599999999999999, "count_with_sol": 25, "avg_fitness": 0.2944444444444445, "max_ftitness": 0.3986666666666666, "min_steps": 3, "max_steps": 7, "avg_steps": 5}