{"avg_compactness": 0.4375, "max_compactness": 0.4375, "count_with_sol": 19, "avg_fitness": 0.17616666666666667, "max_ftitness": 0.22749999999999998, "min_steps": 2, "max_steps": 2, "avg_steps": 2}