{"avg_compactness": 0.3599999999999996, "max_compactness": 0.3599999999999999, "count_with_sol": 26, "avg_fitness": 0.4966666666666663, "max_ftitness": 0.5853333333333333, "min_steps": 4, "max_steps": 11, "avg_steps": 10}