{"avg_compactness": 0.3599999999999996, "max_compactness": 0.3599999999999999, "count_with_sol": 30, "avg_fitness": 0.46672222222222254, "max_ftitness": 0.5386666666666666, "min_steps": 3, "max_steps": 8, "avg_steps": 6}