{"avg_compactness": 0.3599999999999996, "max_compactness": 0.3599999999999999, "count_with_sol": 21, "avg_fitness": 0.4826666666666666, "max_ftitness": 0.7253333333333333, "min_steps": 3, "max_steps": 14, "avg_steps": 12}