{"avg_compactness": 0.3599999999999996, "max_compactness": 0.3599999999999999, "count_with_sol": 30, "avg_fitness": 0.6211111111111112, "max_ftitness": 0.6786666666666666, "min_steps": 5, "max_steps": 13, "avg_steps": 11}