{"avg_compactness": 0.4375, "max_compactness": 0.4375, "count_with_sol": 30, "avg_fitness": 0.5098333333333335, "max_ftitness": 0.5774999999999999, "min_steps": 3, "max_steps": 7, "avg_steps": 6}