{"avg_compactness": 0.3599999999999996, "max_compactness": 0.3599999999999999, "count_with_sol": 22, "avg_fitness": 0.28005555555555567, "max_ftitness": 0.3636666666666667, "min_steps": 2, "max_steps": 5, "avg_steps": 4}