{"avg_compactness": 0.4375, "max_compactness": 0.4375, "count_with_sol": 30, "avg_fitness": 0.6035909090909094, "max_ftitness": 0.7238636363636364, "min_steps": 2, "max_steps": 11, "avg_steps": 7}