{"avg_compactness": 0.3599999999999996, "max_compactness": 0.3599999999999999, "count_with_sol": 24, "avg_fitness": 0.4336666666666665, "max_ftitness": 0.5386666666666666, "min_steps": 6, "max_steps": 8, "avg_steps": 7}