{"avg_compactness": 0.3599999999999996, "max_compactness": 0.3599999999999999, "count_with_sol": 28, "avg_fitness": 0.5619999999999998, "max_ftitness": 0.6553333333333333, "min_steps": 4, "max_steps": 10, "avg_steps": 9}