{"avg_compactness": 0.4375, "max_compactness": 0.4375, "count_with_sol": 28, "avg_fitness": 0.3266666666666667, "max_ftitness": 0.7291666666666666, "min_steps": 2, "max_steps": 11, "avg_steps": 4}