{"avg_compactness": 0.3599999999999996, "max_compactness": 0.3599999999999999, "count_with_sol": 19, "avg_fitness": 0.14588888888888893, "max_ftitness": 0.18866666666666665, "min_steps": 2, "max_steps": 2, "avg_steps": 2}