{"avg_compactness": 0.3599999999999996, "max_compactness": 0.3599999999999999, "count_with_sol": 26, "avg_fitness": 0.32088888888888906, "max_ftitness": 0.3636666666666667, "min_steps": 3, "max_steps": 5, "avg_steps": 4}