{"avg_compactness": 0.3599999999999996, "max_compactness": 0.3599999999999999, "count_with_sol": 25, "avg_fitness": 0.37688888888888894, "max_ftitness": 0.492, "min_steps": 5, "max_steps": 9, "avg_steps": 7}