{"avg_compactness": 0.3599999999999996, "max_compactness": 0.3599999999999999, "count_with_sol": 28, "avg_fitness": 0.3084444444444445, "max_ftitness": 0.352, "min_steps": 2, "max_steps": 6, "avg_steps": 5}