{"avg_compactness": 0.4375, "max_compactness": 0.4375, "count_with_sol": 25, "avg_fitness": 0.5211111111111111, "max_ftitness": 0.7291666666666666, "min_steps": 2, "max_steps": 11, "avg_steps": 8}