{"avg_compactness": 0.3599999999999996, "max_compactness": 0.3599999999999999, "count_with_sol": 28, "avg_fitness": 0.6068717948717947, "max_ftitness": 0.7181538461538461, "min_steps": 2, "max_steps": 13, "avg_steps": 9}