{"avg_compactness": 0.3599999999999996, "max_compactness": 0.3599999999999999, "count_with_sol": 25, "avg_fitness": 0.18866666666666657, "max_ftitness": 0.21199999999999997, "min_steps": 3, "max_steps": 3, "avg_steps": 3}