{"avg_compactness": 0.3599999999999996, "max_compactness": 0.3599999999999999, "count_with_sol": 24, "avg_fitness": 0.2602222222222223, "max_ftitness": 0.352, "min_steps": 3, "max_steps": 6, "avg_steps": 5}