{"avg_compactness": 0.4375, "max_compactness": 0.4375, "count_with_sol": 29, "avg_fitness": 0.6047222222222225, "max_ftitness": 0.6708333333333334, "min_steps": 3, "max_steps": 10, "avg_steps": 9}