{"avg_compactness": 0.3599999999999996, "max_compactness": 0.3599999999999999, "count_with_sol": 26, "avg_fitness": 0.394, "max_ftitness": 0.492, "min_steps": 6, "max_steps": 9, "avg_steps": 7}