{"avg_compactness": 0.4375, "max_compactness": 0.4375, "count_with_sol": 26, "avg_fitness": 0.5697222222222221, "max_ftitness": 0.7291666666666666, "min_steps": 2, "max_steps": 11, "avg_steps": 9}