{"avg_compactness": 0.4375, "max_compactness": 0.4375, "count_with_sol": 28, "avg_fitness": 0.34222222222222215, "max_ftitness": 0.3791666666666667, "min_steps": 3, "max_steps": 5, "avg_steps": 4}