{"avg_compactness": 0.3599999999999996, "max_compactness": 0.3599999999999999, "count_with_sol": 27, "avg_fitness": 0.38155555555555554, "max_ftitness": 0.492, "min_steps": 2, "max_steps": 9, "avg_steps": 7}