{"avg_compactness": 0.3599999999999996, "max_compactness": 0.3599999999999999, "count_with_sol": 28, "avg_fitness": 0.4608888888888892, "max_ftitness": 0.492, "min_steps": 8, "max_steps": 9, "avg_steps": 8}