{"avg_compactness": 0.4375, "max_compactness": 0.4375, "count_with_sol": 26, "avg_fitness": 0.37138888888888894, "max_ftitness": 0.49583333333333335, "min_steps": 4, "max_steps": 7, "avg_steps": 5}