{"avg_compactness": 0.3599999999999996, "max_compactness": 0.3599999999999999, "count_with_sol": 27, "avg_fitness": 0.4313333333333334, "max_ftitness": 0.5386666666666666, "min_steps": 4, "max_steps": 10, "avg_steps": 8}