{"avg_compactness": 0.3599999999999996, "max_compactness": 0.3599999999999999, "count_with_sol": 26, "avg_fitness": 0.3364444444444444, "max_ftitness": 0.44533333333333325, "min_steps": 2, "max_steps": 8, "avg_steps": 6}