{"avg_compactness": 0.4375, "max_compactness": 0.4375, "count_with_sol": 27, "avg_fitness": 0.5813888888888893, "max_ftitness": 0.6708333333333334, "min_steps": 4, "max_steps": 10, "avg_steps": 9}