{"avg_compactness": 0.3599999999999996, "max_compactness": 0.3599999999999999, "count_with_sol": 24, "avg_fitness": 0.44144444444444425, "max_ftitness": 0.5969999999999999, "min_steps": 7, "max_steps": 9, "avg_steps": 7}