{"avg_compactness": 0.3599999999999996, "max_compactness": 0.3599999999999999, "count_with_sol": 25, "avg_fitness": 0.4204444444444444, "max_ftitness": 0.5386666666666666, "min_steps": 5, "max_steps": 10, "avg_steps": 8}