{"avg_compactness": 0.3599999999999996, "max_compactness": 0.3599999999999999, "count_with_sol": 29, "avg_fitness": 0.24699999999999994, "max_ftitness": 0.3636666666666667, "min_steps": 2, "max_steps": 5, "avg_steps": 3}