{"avg_compactness": 0.3599999999999996, "max_compactness": 0.3599999999999999, "count_with_sol": 28, "avg_fitness": 0.4126666666666668, "max_ftitness": 0.44533333333333325, "min_steps": 5, "max_steps": 8, "avg_steps": 7}