{"avg_compactness": 0.3599999999999996, "max_compactness": 0.3599999999999999, "count_with_sol": 13, "avg_fitness": 0.12450000000000004, "max_ftitness": 0.24699999999999997, "min_steps": 2, "max_steps": 3, "avg_steps": 2}