{"avg_compactness": 0.3599999999999996, "max_compactness": 0.3599999999999999, "count_with_sol": 30, "avg_fitness": 0.47800000000000037, "max_ftitness": 0.492, "min_steps": 5, "max_steps": 9, "avg_steps": 8}