{"avg_compactness": 0.3599999999999996, "max_compactness": 0.3599999999999999, "count_with_sol": 27, "avg_fitness": 0.1902222222222221, "max_ftitness": 0.21199999999999997, "min_steps": 2, "max_steps": 3, "avg_steps": 2}