{"avg_compactness": 0.3599999999999996, "max_compactness": 0.3599999999999999, "count_with_sol": 25, "avg_fitness": 0.28200000000000003, "max_ftitness": 0.3636666666666667, "min_steps": 2, "max_steps": 5, "avg_steps": 4}