{"avg_compactness": 0.4375, "max_compactness": 0.4375, "count_with_sol": 16, "avg_fitness": 0.14972222222222217, "max_ftitness": 0.20416666666666666, "min_steps": 2, "max_steps": 2, "avg_steps": 2}