{"avg_compactness": 0.4375, "max_compactness": 0.4375, "count_with_sol": 26, "avg_fitness": 0.5889545454545455, "max_ftitness": 0.7238636363636364, "min_steps": 6, "max_steps": 11, "avg_steps": 9}