{"avg_compactness": 0.3599999999999996, "max_compactness": 0.3599999999999999, "count_with_sol": 27, "avg_fitness": 0.3457777777777778, "max_ftitness": 0.5853333333333333, "min_steps": 4, "max_steps": 11, "avg_steps": 6}