{"avg_compactness": 0.3599999999999996, "max_compactness": 0.3599999999999999, "count_with_sol": 28, "avg_fitness": 0.4204444444444446, "max_ftitness": 0.44533333333333325, "min_steps": 8, "max_steps": 8, "avg_steps": 8}