{"avg_compactness": 0.3599999999999996, "max_compactness": 0.3599999999999999, "count_with_sol": 29, "avg_fitness": 0.34227777777777785, "max_ftitness": 0.4803333333333333, "min_steps": 2, "max_steps": 7, "avg_steps": 4}