{"avg_compactness": 0.4375, "max_compactness": 0.4375, "count_with_sol": 26, "avg_fitness": 0.3111111111111111, "max_ftitness": 0.3791666666666667, "min_steps": 2, "max_steps": 5, "avg_steps": 4}