{"avg_compactness": 0.4375, "max_compactness": 0.4375, "count_with_sol": 26, "avg_fitness": 0.4188333333333335, "max_ftitness": 0.5774999999999999, "min_steps": 2, "max_steps": 7, "avg_steps": 5}