{"avg_compactness": 0.3599999999999996, "max_compactness": 0.3599999999999999, "count_with_sol": 11, "avg_fitness": 0.11477777777777781, "max_ftitness": 0.18866666666666665, "min_steps": 2, "max_steps": 2, "avg_steps": 2}