{"avg_compactness": 0.3599999999999996, "max_compactness": 0.3599999999999999, "count_with_sol": 24, "avg_fitness": 0.39711111111111125, "max_ftitness": 0.492, "min_steps": 6, "max_steps": 9, "avg_steps": 8}