{"avg_compactness": 0.3599999999999996, "max_compactness": 0.3599999999999999, "count_with_sol": 28, "avg_fitness": 0.6592222222222218, "max_ftitness": 0.7719999999999999, "min_steps": 2, "max_steps": 12, "avg_steps": 10}