{"avg_compactness": 0.3599999999999996, "max_compactness": 0.3599999999999999, "count_with_sol": 27, "avg_fitness": 0.35822222222222216, "max_ftitness": 0.44533333333333325, "min_steps": 2, "max_steps": 8, "avg_steps": 6}