{"avg_compactness": 0.4375, "max_compactness": 0.4375, "count_with_sol": 28, "avg_fitness": 0.5755555555555557, "max_ftitness": 0.6708333333333334, "min_steps": 7, "max_steps": 10, "avg_steps": 8}