{"avg_compactness": 0.3599999999999996, "max_compactness": 0.3599999999999999, "count_with_sol": 24, "avg_fitness": 0.43561111111111095, "max_ftitness": 0.5386666666666666, "min_steps": 4, "max_steps": 8, "avg_steps": 7}