{"avg_compactness": 0.3599999999999996, "max_compactness": 0.3599999999999999, "count_with_sol": 22, "avg_fitness": 0.4499999999999997, "max_ftitness": 0.6319999999999999, "min_steps": 5, "max_steps": 12, "avg_steps": 11}