{"avg_compactness": 0.3599999999999996, "max_compactness": 0.3599999999999999, "count_with_sol": 27, "avg_fitness": 0.3271111111111111, "max_ftitness": 0.3986666666666666, "min_steps": 4, "max_steps": 7, "avg_steps": 6}