{"avg_compactness": 0.3599999999999996, "max_compactness": 0.3599999999999999, "count_with_sol": 29, "avg_fitness": 0.5495555555555554, "max_ftitness": 0.6319999999999999, "min_steps": 4, "max_steps": 12, "avg_steps": 10}