{"avg_compactness": 0.3599999999999996, "max_compactness": 0.3599999999999999, "count_with_sol": 24, "avg_fitness": 0.462833333333333, "max_ftitness": 0.5969999999999999, "min_steps": 2, "max_steps": 9, "avg_steps": 8}