{"avg_compactness": 0.3599999999999996, "max_compactness": 0.3599999999999999, "count_with_sol": 25, "avg_fitness": 0.6028333333333332, "max_ftitness": 0.7719999999999999, "min_steps": 2, "max_steps": 12, "avg_steps": 10}