{"avg_compactness": 0.4375, "max_compactness": 0.4375, "count_with_sol": 28, "avg_fitness": 0.49777777777777793, "max_ftitness": 0.6124999999999999, "min_steps": 5, "max_steps": 9, "avg_steps": 7}