{"avg_compactness": 0.3599999999999996, "max_compactness": 0.3599999999999999, "count_with_sol": 27, "avg_fitness": 0.6133333333333331, "max_ftitness": 0.7253333333333333, "min_steps": 2, "max_steps": 14, "avg_steps": 12}