{"avg_compactness": 0.3599999999999996, "max_compactness": 0.3599999999999999, "count_with_sol": 14, "avg_fitness": 0.11555555555555558, "max_ftitness": 0.1653333333333333, "min_steps": 2, "max_steps": 2, "avg_steps": 2}