{"avg_compactness": 0.4375, "max_compactness": 0.4375, "count_with_sol": 30, "avg_fitness": 0.45888888888888874, "max_ftitness": 0.7291666666666666, "min_steps": 3, "max_steps": 11, "avg_steps": 6}