{"avg_compactness": 0.3599999999999996, "max_compactness": 0.3599999999999999, "count_with_sol": 28, "avg_fitness": 0.47955555555555546, "max_ftitness": 0.6319999999999999, "min_steps": 2, "max_steps": 12, "avg_steps": 9}