{"avg_compactness": 0.4375, "max_compactness": 0.4375, "count_with_sol": 29, "avg_fitness": 0.22283333333333336, "max_ftitness": 0.22749999999999998, "min_steps": 2, "max_steps": 2, "avg_steps": 2}