{"avg_compactness": 0.3599999999999996, "max_compactness": 0.3599999999999999, "count_with_sol": 27, "avg_fitness": 0.2337777777777777, "max_ftitness": 0.3053333333333333, "min_steps": 2, "max_steps": 5, "avg_steps": 3}