{"avg_compactness": 0.3599999999999996, "max_compactness": 0.3599999999999999, "count_with_sol": 30, "avg_fitness": 0.5028888888888887, "max_ftitness": 0.5386666666666666, "min_steps": 3, "max_steps": 10, "avg_steps": 9}