{"avg_compactness": 0.3599999999999996, "max_compactness": 0.3599999999999999, "count_with_sol": 30, "avg_fitness": 0.2742222222222222, "max_ftitness": 0.3053333333333333, "min_steps": 3, "max_steps": 4, "avg_steps": 3}