{"avg_compactness": 0.3599999999999996, "max_compactness": 0.3599999999999999, "count_with_sol": 29, "avg_fitness": 0.5728888888888889, "max_ftitness": 0.6786666666666666, "min_steps": 4, "max_steps": 13, "avg_steps": 11}