{"avg_compactness": 0.3599999999999996, "max_compactness": 0.3599999999999999, "count_with_sol": 28, "avg_fitness": 0.45505555555555544, "max_ftitness": 0.5969999999999999, "min_steps": 4, "max_steps": 9, "avg_steps": 7}