{"avg_compactness": 0.3599999999999996, "max_compactness": 0.3599999999999999, "count_with_sol": 23, "avg_fitness": 0.37688888888888894, "max_ftitness": 0.5386666666666666, "min_steps": 5, "max_steps": 10, "avg_steps": 8}