{"avg_compactness": 0.3599999999999996, "max_compactness": 0.3599999999999999, "count_with_sol": 30, "avg_fitness": 0.2073333333333332, "max_ftitness": 0.2586666666666666, "min_steps": 2, "max_steps": 4, "avg_steps": 2}