{"avg_compactness": 0.3599999999999996, "max_compactness": 0.3599999999999999, "count_with_sol": 29, "avg_fitness": 0.6436666666666664, "max_ftitness": 0.7136666666666666, "min_steps": 5, "max_steps": 11, "avg_steps": 10}