{"avg_compactness": 0.4375, "max_compactness": 0.4375, "count_with_sol": 25, "avg_fitness": 0.1847222222222222, "max_ftitness": 0.20416666666666666, "min_steps": 2, "max_steps": 2, "avg_steps": 2}