{"avg_compactness": 0.3599999999999996, "max_compactness": 0.3599999999999999, "count_with_sol": 26, "avg_fitness": 0.5479999999999999, "max_ftitness": 0.7253333333333333, "min_steps": 4, "max_steps": 14, "avg_steps": 11}