{"avg_compactness": 0.3599999999999996, "max_compactness": 0.3599999999999999, "count_with_sol": 27, "avg_fitness": 0.565111111111111, "max_ftitness": 0.6319999999999999, "min_steps": 8, "max_steps": 12, "avg_steps": 11}