{"avg_compactness": 0.3599999999999996, "max_compactness": 0.3599999999999999, "count_with_sol": 29, "avg_fitness": 0.37922222222222224, "max_ftitness": 0.42199999999999993, "min_steps": 3, "max_steps": 6, "avg_steps": 5}