{"avg_compactness": 0.4375, "max_compactness": 0.4375, "count_with_sol": 26, "avg_fitness": 0.42194444444444446, "max_ftitness": 0.6124999999999999, "min_steps": 4, "max_steps": 9, "avg_steps": 6}