{"avg_compactness": 0.4375, "max_compactness": 0.4375, "count_with_sol": 28, "avg_fitness": 0.3752777777777778, "max_ftitness": 0.5541666666666666, "min_steps": 2, "max_steps": 8, "avg_steps": 5}