{"avg_compactness": 0.4375, "max_compactness": 0.4375, "count_with_sol": 21, "avg_fitness": 0.17694444444444443, "max_ftitness": 0.3208333333333333, "min_steps": 2, "max_steps": 4, "avg_steps": 2}