{"avg_compactness": 0.3599999999999996, "max_compactness": 0.3599999999999999, "count_with_sol": 29, "avg_fitness": 0.3535555555555556, "max_ftitness": 0.44533333333333325, "min_steps": 3, "max_steps": 8, "avg_steps": 6}