{"avg_compactness": 0.3599999999999996, "max_compactness": 0.3599999999999999, "count_with_sol": 28, "avg_fitness": 0.39711111111111114, "max_ftitness": 0.44533333333333325, "min_steps": 2, "max_steps": 8, "avg_steps": 7}