{"avg_compactness": 0.4375, "max_compactness": 0.4375, "count_with_sol": 29, "avg_fitness": 0.4550000000000001, "max_ftitness": 0.5541666666666666, "min_steps": 2, "max_steps": 8, "avg_steps": 6}