{"avg_compactness": 0.3599999999999996, "max_compactness": 0.3599999999999999, "count_with_sol": 25, "avg_fitness": 0.5056111111111108, "max_ftitness": 0.5969999999999999, "min_steps": 8, "max_steps": 9, "avg_steps": 8}