{"avg_compactness": 0.3599999999999996, "max_compactness": 0.3599999999999999, "count_with_sol": 22, "avg_fitness": 0.14977777777777773, "max_ftitness": 0.3053333333333333, "min_steps": 2, "max_steps": 5, "avg_steps": 2}