{"avg_compactness": 0.3599999999999996, "max_compactness": 0.3599999999999999, "count_with_sol": 28, "avg_fitness": 0.41422222222222227, "max_ftitness": 0.5386666666666666, "min_steps": 2, "max_steps": 8, "avg_steps": 6}