{"avg_compactness": 0.3599999999999996, "max_compactness": 0.3599999999999999, "count_with_sol": 26, "avg_fitness": 0.5075555555555552, "max_ftitness": 0.5969999999999999, "min_steps": 3, "max_steps": 9, "avg_steps": 8}