{"avg_compactness": 0.3599999999999996, "max_compactness": 0.3599999999999999, "count_with_sol": 28, "avg_fitness": 0.5950555555555556, "max_ftitness": 0.7136666666666666, "min_steps": 4, "max_steps": 11, "avg_steps": 9}