{"avg_compactness": 0.3599999999999996, "max_compactness": 0.3599999999999999, "count_with_sol": 25, "avg_fitness": 0.5635555555555555, "max_ftitness": 0.7253333333333333, "min_steps": 7, "max_steps": 14, "avg_steps": 12}