{"avg_compactness": 0.3599999999999996, "max_compactness": 0.3599999999999999, "count_with_sol": 29, "avg_fitness": 0.46711111111111114, "max_ftitness": 0.5853333333333333, "min_steps": 4, "max_steps": 11, "avg_steps": 8}