{"avg_compactness": 0.3599999999999996, "max_compactness": 0.3599999999999999, "count_with_sol": 23, "avg_fitness": 0.35977777777777775, "max_ftitness": 0.492, "min_steps": 5, "max_steps": 9, "avg_steps": 8}