{"avg_compactness": 0.4375, "max_compactness": 0.4375, "count_with_sol": 28, "avg_fitness": 0.4919444444444446, "max_ftitness": 0.6124999999999999, "min_steps": 4, "max_steps": 9, "avg_steps": 7}