{"avg_compactness": 0.4375, "max_compactness": 0.4375, "count_with_sol": 28, "avg_fitness": 0.39783333333333337, "max_ftitness": 0.5774999999999999, "min_steps": 2, "max_steps": 7, "avg_steps": 4}