{"avg_compactness": 0.3599999999999996, "max_compactness": 0.3599999999999999, "count_with_sol": 26, "avg_fitness": 0.41422222222222244, "max_ftitness": 0.4803333333333333, "min_steps": 3, "max_steps": 7, "avg_steps": 6}